gene,nbases_covered,npos,npos_perbase
mt-Tg,68,16,0.235294117647059
D-loop,120,27,0.225
mt-Nd6,118,26,0.220338983050847
mt-Nd3,31,6,0.193548387096774
mt-Tl1,55,10,0.181818181818182
mt-Co3,138,19,0.13768115942029
mt-Rnr2,179,17,0.0949720670391061
mt-Nd1,118,11,0.0932203389830508
mt-Nd5,120,7,0.0583333333333333
mt-Co1,119,5,0.0420168067226891
mt-Cytb,114,3,0.0263157894736842
mt-Co2,120,3,0.025
mt-Tm,45,1,0.0222222222222222
mt-Tq,71,1,0.0140845070422535
