class,ti,tv,r
all,117,39,3
nonsynonymous,44,14,3.14285714285714
synonymous,22,2,11
tRNA,26,2,13
rRNA,17,0,Inf
dloop,8,21,0.380952380952381
