gene,nbases_covered,npos,npos_perbase
intergenic,2,2,1
mt-Nd6,118,98,0.830508474576271
mt-Tl1,55,42,0.763636363636364
mt-Tg,68,50,0.735294117647059
mt-Nd3,31,22,0.709677419354839
mt-Rnr2,179,122,0.681564245810056
mt-Co3,138,91,0.659420289855073
mt-Nd1,118,74,0.627118644067797
mt-Nd5,120,66,0.55
D-loop,120,65,0.541666666666667
mt-Co1,119,64,0.53781512605042
mt-Co2,120,64,0.533333333333333
mt-Tq,71,28,0.394366197183099
mt-Ti,3,1,0.333333333333333
mt-Cytb,114,36,0.315789473684211
mt-Tm,45,12,0.266666666666667
mt-Tt,6,1,0.166666666666667
