class,ti,tv,r
all,741,272,2.72426470588235
nonsynonymous,285,143,1.99300699300699
synonymous,172,17,10.1176470588235
tRNA,127,33,3.84848484848485
rRNA,108,38,2.84210526315789
dloop,47,41,1.14634146341463
intergenic,2,0,Inf
