gene,ti,tv,r
D-loop,31,16,1.9375
intergenic,1,0,Inf
mt-Co1,35,11,3.18181818181818
mt-Co2,36,20,1.8
mt-Co3,41,22,1.86363636363636
mt-Cytb,20,10,2
mt-Nd1,41,9,4.55555555555556
mt-Nd3,7,7,1
mt-Nd5,39,15,2.6
mt-Nd6,43,24,1.79166666666667
mt-Rnr2,57,34,1.67647058823529
mt-Tg,23,9,2.55555555555556
mt-Ti,1,0,Inf
mt-Tl1,21,9,2.33333333333333
mt-Tm,6,5,1.2
mt-Tq,22,5,4.4
mt-Tt,1,0,Inf
