class,ti,tv,r
all,425,196,2.16836734693878
nonsynonymous,161,104,1.54807692307692
synonymous,101,14,7.21428571428571
tRNA,74,28,2.64285714285714
rRNA,57,34,1.67647058823529
dloop,31,16,1.9375
intergenic,1,0,Inf
