"","ti","tv","r"
"nonsynonymous",240,318,0.754716981132076
"synonymous",947,658,1.43920972644377
"tRNA",78,59,1.32203389830508
"rRNA",153,137,1.11678832116788
"D-loop",73,136,0.536764705882353
"intergenic",8,8,1
"average",1499,1316,1.13905775075988
