"","ti","tv","r"
"nonsynonymous",22,31,0.709677419354839
"synonymous",82,43,1.90697674418605
"tRNA",11,6,1.83333333333333
"rRNA",14,14,1
"D-loop",12,22,0.545454545454545
"intergenic",NA,NA,NA
"average",141,116,1.21551724137931
