"","ti","tv","r"
"nonsynonymous",58,39,1.48717948717949
"synonymous",411,41,10.0243902439024
"tRNA",37,8,4.625
"rRNA",37,12,3.08333333333333
"D-loop",46,25,1.84
"intergenic",4,3,1.33333333333333
"average",593,128,4.6328125
