"","ti","tv","r"
"nonsynonymous",39,31,1.25806451612903
"synonymous",174,70,2.48571428571429
"tRNA",19,10,1.9
"rRNA",22,20,1.1
"D-loop",29,31,0.935483870967742
"intergenic",0,1,0
"average",283,163,1.7361963190184
