"","ti","tv","r"
"nonsynonymous",356,305,1.1672131147541
"synonymous",2372,965,2.4580310880829
"tRNA",122,63,1.93650793650794
"rRNA",273,203,1.3448275862069
"D-loop",148,198,0.747474747474748
"intergenic",11,7,1.57142857142857
"average",3282,1741,1.88512349224584
