"","ti","tv","r"
"nonsynonymous",100,38,2.63157894736842
"synonymous",951,154,6.17532467532468
"tRNA",50,15,3.33333333333333
"rRNA",85,19,4.47368421052632
"D-loop",57,41,1.39024390243902
"intergenic",5,2,2.5
"average",1248,269,4.63940520446097
